ID,variable,value
1,f1,salmon
1,f2,NA
1,f3,NA
1,f4,NA
1,f5,NA
1,f6,NA
2,f1,CPS
2,f2, salmon
2,f3, squid
2,f4,NA
2,f5,NA
2,f6,NA
3,f1,dungeness crab
3,f2,NA
3,f3,NA
3,f4,NA
3,f5,NA
3,f6,NA
4,f1,salmon
4,f2, sea urchin
4,f3, sea cucumber
4,f4,NA
4,f5,NA
4,f6,NA
5,f1,geoduck
5,f2, sea cucumber
5,f3,NA
5,f4,NA
5,f5,NA
5,f6,NA
6,f1,salmon
6,f2,NA
6,f3,NA
6,f4,NA
6,f5,NA
6,f6,NA
7,f1,dungeness crab
7,f2,NA
7,f3,NA
7,f4,NA
7,f5,NA
7,f6,NA
8,f1,dungeness crab
8,f2,NA
8,f3,NA
8,f4,NA
8,f5,NA
8,f6,NA
9,f1,groundfish
9,f2,NA
9,f3,NA
9,f4,NA
9,f5,NA
9,f6,NA
10,f1,scallops
10,f2, sea urchin
10,f3, sea cucumber
10,f4,NA
10,f5,NA
10,f6,NA
11,f1,hake
11,f2,NA
11,f3,NA
11,f4,NA
11,f5,NA
11,f6,NA
12,f1,HMS
12,f2, salmon
12,f3,NA
12,f4,NA
12,f5,NA
12,f6,NA
13,f1,HMS
13,f2,NA
13,f3,NA
13,f4,NA
13,f5,NA
13,f6,NA
14,f1,dungeness crab
14,f2, salmon
14,f3, shrimp
14,f4,NA
14,f5,NA
14,f6,NA
15,f1,dungeness crab
15,f2, shrimp
15,f3,NA
15,f4,NA
15,f5,NA
15,f6,NA
16,f1,dungeness crab
16,f2, HMS
16,f3, salmon
16,f4,NA
16,f5,NA
16,f6,NA
17,f1,salmon
17,f2,NA
17,f3,NA
17,f4,NA
17,f5,NA
17,f6,NA
18,f1,salmon
18,f2,NA
18,f3,NA
18,f4,NA
18,f5,NA
18,f6,NA
19,f1,groundfish
19,f2, HMS
19,f3, salmon
19,f4,NA
19,f5,NA
19,f6,NA
20,f1,groundfish
20,f2,NA
20,f3,NA
20,f4,NA
20,f5,NA
20,f6,NA
21,f1,dungeness crab
21,f2, salmon
21,f3,NA
21,f4,NA
21,f5,NA
21,f6,NA
22,f1,dungeness crab
22,f2, HMS
22,f3,NA
22,f4,NA
22,f5,NA
22,f6,NA
23,f1,dungeness crab
23,f2, salmon
23,f3,NA
23,f4,NA
23,f5,NA
23,f6,NA
24,f1,salmon
24,f2,NA
24,f3,NA
24,f4,NA
24,f5,NA
24,f6,NA
25,f1,salmon
25,f2,NA
25,f3,NA
25,f4,NA
25,f5,NA
25,f6,NA
26,f1,dungeness crab
26,f2, salmon
26,f3, shrimp
26,f4,NA
26,f5,NA
26,f6,NA
27,f1,groundfish
27,f2, HMS
27,f3, salmon
27,f4,NA
27,f5,NA
27,f6,NA
28,f1,dungeness crab
28,f2, groundfish
28,f3, HMS
28,f4, salmon
28,f5, shrimp
28,f6, squid
29,f1,razor clams
29,f2,NA
29,f3,NA
29,f4,NA
29,f5,NA
29,f6,NA
30,f1,salmon
30,f2,NA
30,f3,NA
30,f4,NA
30,f5,NA
30,f6,NA
31,f1,sea urchin
31,f2, sea cucumber
31,f3,NA
31,f4,NA
31,f5,NA
31,f6,NA
32,f1,salmon
32,f2,NA
32,f3,NA
32,f4,NA
32,f5,NA
32,f6,NA
33,f1,salmon
33,f2,NA
33,f3,NA
33,f4,NA
33,f5,NA
33,f6,NA
34,f1,salmon
34,f2,NA
34,f3,NA
34,f4,NA
34,f5,NA
34,f6,NA
35,f1,HMS
35,f2, salmon
35,f3,NA
35,f4,NA
35,f5,NA
35,f6,NA
36,f1,salmon
36,f2,NA
36,f3,NA
36,f4,NA
36,f5,NA
36,f6,NA
37,f1,HMS
37,f2, salmon
37,f3,NA
37,f4,NA
37,f5,NA
37,f6,NA
38,f1,salmon
38,f2,NA
38,f3,NA
38,f4,NA
38,f5,NA
38,f6,NA
39,f1,HMS
39,f2, salmon
39,f3,NA
39,f4,NA
39,f5,NA
39,f6,NA
40,f1,sea urchin
40,f2, geoduck
40,f3, sea cucumber
40,f4,NA
40,f5,NA
40,f6,NA
41,f1,dungeness crab
41,f2, salmon
41,f3,NA
41,f4,NA
41,f5,NA
41,f6,NA
42,f1,HMS
42,f2,NA
42,f3,NA
42,f4,NA
42,f5,NA
42,f6,NA
43,f1,dungeness crab
43,f2, salmon
43,f3,NA
43,f4,NA
43,f5,NA
43,f6,NA
44,f1,salmon
44,f2, halibut
44,f3,NA
44,f4,NA
44,f5,NA
44,f6,NA
45,f1,CPS
45,f2, dungeness crab
45,f3, groundfish
45,f4, HMS
45,f5, shrimp
45,f6, squid
46,f1,salmon
46,f2,NA
46,f3,NA
46,f4,NA
46,f5,NA
46,f6,NA
47,f1,dungeness crab
47,f2, salmon
47,f3,NA
47,f4,NA
47,f5,NA
47,f6,NA
48,f1,salmon
48,f2,NA
48,f3,NA
48,f4,NA
48,f5,NA
48,f6,NA
49,f1,groundfish
49,f2, HMS
49,f3, salmon
49,f4,NA
49,f5,NA
49,f6,NA
50,f1,dungeness crab
50,f2, groundfish
50,f3, hake
50,f4,NA
50,f5,NA
50,f6,NA
51,f1,dungeness crab
51,f2, HMS
51,f3, salmon
51,f4,NA
51,f5,NA
51,f6,NA
52,f1,groundfish
52,f2, HMS
52,f3, salmon
52,f4,NA
52,f5,NA
52,f6,NA
53,f1,dungeness crab
53,f2, groundfish
53,f3,NA
53,f4,NA
53,f5,NA
53,f6,NA
54,f1,HMS
54,f2,NA
54,f3,NA
54,f4,NA
54,f5,NA
54,f6,NA
55,f1,dungeness crab
55,f2, HMS
55,f3, salmon
55,f4,NA
55,f5,NA
55,f6,NA
56,f1,dungeness crab
56,f2, HMS
56,f3, salmon
56,f4,NA
56,f5,NA
56,f6,NA
57,f1,groundfish
57,f2, salmon
57,f3, california halibut
57,f4,NA
57,f5,NA
57,f6,NA
58,f1,HMS
58,f2, salmon
58,f3,NA
58,f4,NA
58,f5,NA
58,f6,NA
59,f1,salmon
59,f2,NA
59,f3,NA
59,f4,NA
59,f5,NA
59,f6,NA
60,f1,dungeness crab
60,f2, groundfish
60,f3, HMS
60,f4, salmon
60,f5, razor clams
60,f6,NA
61,f1,dungeness crab
61,f2, salmon
61,f3, shrimp
61,f4,NA
61,f5,NA
61,f6,NA
62,f1,salmon
62,f2, sea urchin
62,f3, sea cucumber
62,f4,NA
62,f5,NA
62,f6,NA
63,f1,dungeness crab
63,f2, salmon
63,f3,NA
63,f4,NA
63,f5,NA
63,f6,NA
64,f1,HMS
64,f2, salmon
64,f3,NA
64,f4,NA
64,f5,NA
64,f6,NA
65,f1,HMS
65,f2, salmon
65,f3,NA
65,f4,NA
65,f5,NA
65,f6,NA
66,f1,dungeness crab
66,f2, salmon
66,f3, shrimp
66,f4, geoduck
66,f5, oysters
66,f6,NA
67,f1,salmon
67,f2,NA
67,f3,NA
67,f4,NA
67,f5,NA
67,f6,NA
68,f1,dungeness crab
68,f2, groundfish
68,f3, HMS
68,f4, salmon
68,f5, halibut
68,f6,NA
69,f1,salmon
69,f2, smelt
69,f3, white sturgeon
69,f4,NA
69,f5,NA
69,f6,NA
70,f1,salmon
70,f2,NA
70,f3,NA
70,f4,NA
70,f5,NA
70,f6,NA
71,f1,salmon
71,f2,NA
71,f3,NA
71,f4,NA
71,f5,NA
71,f6,NA
72,f1,HMS
72,f2,NA
72,f3,NA
72,f4,NA
72,f5,NA
72,f6,NA
73,f1,dungeness crab
73,f2, groundfish
73,f3, HMS
73,f4, salmon
73,f5,NA
73,f6,NA
74,f1,HMS
74,f2,NA
74,f3,NA
74,f4,NA
74,f5,NA
74,f6,NA
75,f1,dungeness crab
75,f2, salmon
75,f3, razor clams
75,f4,NA
75,f5,NA
75,f6,NA
76,f1,dungeness crab
76,f2, salmon
76,f3,NA
76,f4,NA
76,f5,NA
76,f6,NA
77,f1,geoduck
77,f2,NA
77,f3,NA
77,f4,NA
77,f5,NA
77,f6,NA
78,f1,HMS
78,f2,NA
78,f3,NA
78,f4,NA
78,f5,NA
78,f6,NA
79,f1,salmon
79,f2,NA
79,f3,NA
79,f4,NA
79,f5,NA
79,f6,NA
80,f1,salmon
80,f2,NA
80,f3,NA
80,f4,NA
80,f5,NA
80,f6,NA
81,f1,salmon
81,f2,NA
81,f3,NA
81,f4,NA
81,f5,NA
81,f6,NA
82,f1,salmon
82,f2,NA
82,f3,NA
82,f4,NA
82,f5,NA
82,f6,NA
83,f1,dungeness crab
83,f2,NA
83,f3,NA
83,f4,NA
83,f5,NA
83,f6,NA
84,f1,razor clams
84,f2,NA
84,f3,NA
84,f4,NA
84,f5,NA
84,f6,NA
85,f1,groundfish
85,f2, HMS
85,f3,NA
85,f4,NA
85,f5,NA
85,f6,NA
86,f1,dungeness crab
86,f2, salmon
86,f3,NA
86,f4,NA
86,f5,NA
86,f6,NA
87,f1,HMS
87,f2, salmon
87,f3,NA
87,f4,NA
87,f5,NA
87,f6,NA
88,f1,salmon
88,f2,NA
88,f3,NA
88,f4,NA
88,f5,NA
88,f6,NA
89,f1,dungeness crab
89,f2, groundfish
89,f3, HMS
89,f4, salmon
89,f5,NA
89,f6,NA
90,f1,CPS
90,f2, salmon
90,f3, squid
90,f4,NA
90,f5,NA
90,f6,NA
91,f1,dungeness crab
91,f2, salmon
91,f3,NA
91,f4,NA
91,f5,NA
91,f6,NA
92,f1,salmon
92,f2,NA
92,f3,NA
92,f4,NA
92,f5,NA
92,f6,NA
93,f1,salmon
93,f2,NA
93,f3,NA
93,f4,NA
93,f5,NA
93,f6,NA
94,f1,HMS
94,f2,NA
94,f3,NA
94,f4,NA
94,f5,NA
94,f6,NA
95,f1,salmon
95,f2, smelt
95,f3,NA
95,f4,NA
95,f5,NA
95,f6,NA
96,f1,dungeness crab
96,f2, groundfish
96,f3, HMS
96,f4, salmon
96,f5,NA
96,f6,NA
97,f1,dungeness crab
97,f2, salmon
97,f3, halibut
97,f4,NA
97,f5,NA
97,f6,NA
98,f1,salmon
98,f2,NA
98,f3,NA
98,f4,NA
98,f5,NA
98,f6,NA
99,f1,dungeness crab
99,f2, groundfish
99,f3, HMS
99,f4,NA
99,f5,NA
99,f6,NA
100,f1,salmon
100,f2,NA
100,f3,NA
100,f4,NA
100,f5,NA
100,f6,NA
101,f1,salmon
101,f2,NA
101,f3,NA
101,f4,NA
101,f5,NA
101,f6,NA
102,f1,salmon
102,f2,NA
102,f3,NA
102,f4,NA
102,f5,NA
102,f6,NA
103,f1,dungeness crab
103,f2, salmon
103,f3, razor clams
103,f4,NA
103,f5,NA
103,f6,NA
104,f1,HMS
104,f2,NA
104,f3,NA
104,f4,NA
104,f5,NA
104,f6,NA
105,f1,dungeness crab
105,f2, salmon
105,f3, halibut
105,f4,NA
105,f5,NA
105,f6,NA
106,f1,dungeness crab
106,f2, HMS
106,f3, salmon
106,f4,NA
106,f5,NA
106,f6,NA
107,f1,groundfish
107,f2, HMS
107,f3, salmon
107,f4,NA
107,f5,NA
107,f6,NA
108,f1,groundfish
108,f2, salmon
108,f3, sea urchin
108,f4, sea cucumber
108,f5, geoduck
108,f6,NA
109,f1,salmon
109,f2,NA
109,f3,NA
109,f4,NA
109,f5,NA
109,f6,NA
110,f1,HMS
110,f2, salmon
110,f3,NA
110,f4,NA
110,f5,NA
110,f6,NA
111,f1,salmon
111,f2,NA
111,f3,NA
111,f4,NA
111,f5,NA
111,f6,NA
112,f1,sea urchin
112,f2, geoduck
112,f3,NA
112,f4,NA
112,f5,NA
112,f6,NA
113,f1,dungeness crab
113,f2,NA
113,f3,NA
113,f4,NA
113,f5,NA
113,f6,NA
114,f1,dungeness crab
114,f2, salmon
114,f3, squid
114,f4,NA
114,f5,NA
114,f6,NA
115,f1,dungeness crab
115,f2, shrimp
115,f3,NA
115,f4,NA
115,f5,NA
115,f6,NA
116,f1,CPS
116,f2,NA
116,f3,NA
116,f4,NA
116,f5,NA
116,f6,NA
117,f1,salmon
117,f2,NA
117,f3,NA
117,f4,NA
117,f5,NA
117,f6,NA
118,f1,groundfish
118,f2, hake
118,f3,NA
118,f4,NA
118,f5,NA
118,f6,NA
119,f1,salmon
119,f2,NA
119,f3,NA
119,f4,NA
119,f5,NA
119,f6,NA
120,f1,dungeness crab
120,f2, groundfish
120,f3, salmon
120,f4,NA
120,f5,NA
120,f6,NA
121,f1,salmon
121,f2,NA
121,f3,NA
121,f4,NA
121,f5,NA
121,f6,NA
122,f1,dungeness crab
122,f2, groundfish
122,f3, HMS
122,f4, halibut
122,f5,NA
122,f6,NA
123,f1,groundfish
123,f2, salmon
123,f3,NA
123,f4,NA
123,f5,NA
123,f6,NA
124,f1,groundfish
124,f2,NA
124,f3,NA
124,f4,NA
124,f5,NA
124,f6,NA
125,f1,salmon
125,f2,NA
125,f3,NA
125,f4,NA
125,f5,NA
125,f6,NA
126,f1,dungeness crab
126,f2, salmon
126,f3, scallops
126,f4, sea urchin
126,f5, shrimp
126,f6, sea cucumber
127,f1,groundfish
127,f2, HMS
127,f3, salmon
127,f4,NA
127,f5,NA
127,f6,NA
128,f1,CPS
128,f2, groundfish
128,f3, salmon
128,f4,NA
128,f5,NA
128,f6,NA
129,f1,dungeness crab
129,f2, HMS
129,f3,NA
129,f4,NA
129,f5,NA
129,f6,NA
130,f1,dungeness crab
130,f2, groundfish
130,f3, HMS
130,f4, salmon
130,f5, slime eel
130,f6, black cod
131,f1,dungeness crab
131,f2, salmon
131,f3,NA
131,f4,NA
131,f5,NA
131,f6,NA
132,f1,dungeness crab
132,f2, salmon
132,f3,NA
132,f4,NA
132,f5,NA
132,f6,NA
133,f1,dungeness crab
133,f2, HMS
133,f3, salmon
133,f4,NA
133,f5,NA
133,f6,NA
134,f1,dungeness crab
134,f2, groundfish
134,f3, HMS
134,f4, salmon
134,f5,NA
134,f6,NA
135,f1,dungeness crab
135,f2, HMS
135,f3, salmon
135,f4,NA
135,f5,NA
135,f6,NA
136,f1,dungeness crab
136,f2, groundfish
136,f3, salmon
136,f4, albacore
136,f5,NA
136,f6,NA
137,f1,HMS
137,f2,NA
137,f3,NA
137,f4,NA
137,f5,NA
137,f6,NA
138,f1,dungeness crab
138,f2, groundfish
138,f3, HMS
138,f4, salmon
138,f5,NA
138,f6,NA
139,f1,HMS
139,f2, salmon
139,f3, white sea bass
139,f4, yellow tail
139,f5,NA
139,f6,NA
140,f1,dungeness crab
140,f2, groundfish
140,f3, salmon
140,f4,NA
140,f5,NA
140,f6,NA
141,f1,dungeness crab
141,f2, salmon
141,f3,NA
141,f4,NA
141,f5,NA
141,f6,NA
142,f1,dungeness crab
142,f2, HMS
142,f3, sablefish
142,f4,NA
142,f5,NA
142,f6,NA
143,f1,dungeness crab
143,f2, salmon
143,f3,NA
143,f4,NA
143,f5,NA
143,f6,NA
144,f1,dungeness crab
144,f2, salmon
144,f3, California halibut
144,f4,NA
144,f5,NA
144,f6,NA
145,f1,CPS
145,f2,NA
145,f3,NA
145,f4,NA
145,f5,NA
145,f6,NA
146,f1,dungeness crab
146,f2, groundfish
146,f3, HMS
146,f4, salmon
146,f5,NA
146,f6,NA
147,f1,groundfish
147,f2, sea urchin
147,f3,NA
147,f4,NA
147,f5,NA
147,f6,NA
148,f1,HMS
148,f2, shrimp
148,f3, halibut
148,f4,NA
148,f5,NA
148,f6,NA
149,f1,sea urchin
149,f2,NA
149,f3,NA
149,f4,NA
149,f5,NA
149,f6,NA
150,f1,dungeness crab
150,f2, groundfish
150,f3, HMS
150,f4, salmon
150,f5,NA
150,f6,NA
151,f1,groundfish
151,f2, salmon
151,f3, sea urchin
151,f4,NA
151,f5,NA
151,f6,NA
152,f1,dungeness crab
152,f2, salmon
152,f3,NA
152,f4,NA
152,f5,NA
152,f6,NA
153,f1,dungeness crab
153,f2, salmon
153,f3,NA
153,f4,NA
153,f5,NA
153,f6,NA
154,f1,HMS
154,f2, sea urchin
154,f3, halibut
154,f4, white sea bass
154,f5,NA
154,f6,NA
155,f1,dungeness crab
155,f2, shrimp
155,f3,NA
155,f4,NA
155,f5,NA
155,f6,NA
156,f1,CPS
156,f2, salmon
156,f3,NA
156,f4,NA
156,f5,NA
156,f6,NA
157,f1,groundfish
157,f2, sea urchin
157,f3, sea cucumber
157,f4,NA
157,f5,NA
157,f6,NA
158,f1,sea urchin
158,f2, sea cucumber
158,f3,NA
158,f4,NA
158,f5,NA
158,f6,NA
159,f1,groundfish
159,f2, sea urchin
159,f3,NA
159,f4,NA
159,f5,NA
159,f6,NA
160,f1,sea urchin
160,f2, sea cucumber
160,f3,NA
160,f4,NA
160,f5,NA
160,f6,NA
161,f1,dungeness crab
161,f2, groundfish
161,f3, HMS
161,f4, salmon
161,f5, sea urchin
161,f6,NA
162,f1,crawfish
162,f2,NA
162,f3,NA
162,f4,NA
162,f5,NA
162,f6,NA
